item_id,post_url,post_uri,post_cid,author_handle,author_did,post_datetime,text,post_type,parent_post_uri,root_post_uri,language,like_count,repost_count,reply_count,quote_count,collector,collection_datetime,search_term_or_method_that_surfaced_it,Has_image,detected_language,engagement_as_of_datetime,enrichment_status,Has_relevant_replies,Seems_relevant_to_collector,source_item_id,snowball_depth,snowball_edge_type,engagement_score,sample_source
330,https://bsky.app/profile/glifo.bsky.social/post/3m5dbctfdis2w,at://did:plc:okk53n7x5nzhzutykolyqsbl/app.bsky.feed.post/3m5dbctfdis2w,bafyreifudsnddjoclwo67gclld6outpzdunlgnc4dhk5w6oprq2tqhl7oy,glifo.bsky.social,did:plc:okk53n7x5nzhzutykolyqsbl,2025-11-11T04:09:48.181Z,"esse aqui, Ni
@stechlab-labels.bsky.social",reply,at://did:plc:oqqfaqep3jvchxg5fsyto4no/app.bsky.feed.post/3m5dbas2yus2m,at://did:plc:okk53n7x5nzhzutykolyqsbl/app.bsky.feed.post/3m5db6w7hys2w,ia,1,0,1,0,official mention,2026-06-26T14:05:00.228985+00:00,stechlab-labels.bsky.social,False,fr,2026-06-26T14:06:34.776511+00:00,ok,,,,,,1.0,keyword_stratified
964,https://bsky.app/profile/sleep.church/post/3moh5nyie6k2g,at://did:plc:aobkgz6khzavtdmd5ng3ilme/app.bsky.feed.post/3moh5nyie6k2g,bafyreihtdskqihxsaleqhw6m2mwponaifcx7digs4uyq7766uysxc5jxfe,sleep.church,did:plc:aobkgz6khzavtdmd5ng3ilme,2026-06-17T01:23:24.282Z,"my favorite is when they have the “unfollowed 100+ in the past day” tag, really just going around doing that weird follow/unfollow thing to try and get you to follow them",reply,at://did:plc:ylw4lo5guiineg4j2ngodfjq/app.bsky.feed.post/3moh4pbztxc2h,at://did:plc:ylw4lo5guiineg4j2ngodfjq/app.bsky.feed.post/3moh4pbztxc2h,en,1,0,1,0,keyword search,2026-06-26T14:05:00.228985+00:00,unfollowed 100+ in the past day,False,en,2026-06-26T14:06:34.776511+00:00,ok,,,,,,1.0,keyword_stratified
907,https://bsky.app/profile/snarkyplatypus.com/post/3mcxi2m4hs226,at://did:plc:gzkfdyducwifykfqouc4s4e2/app.bsky.feed.post/3mcxi2m4hs226,bafyreiehruyy6yqvtfetda4i44ff6babkysmbdlz3yurkkxpx4t4shywki,snarkyplatypus.com,did:plc:gzkfdyducwifykfqouc4s4e2,2026-01-21T20:09:41.217Z,No break greater than 4 hours - do these people sleep?!,reply,at://did:plc:gzkfdyducwifykfqouc4s4e2/app.bsky.feed.post/3mcxhx7npdk26,at://did:plc:gzkfdyducwifykfqouc4s4e2/app.bsky.feed.post/3mcxhhqhqzk26,en,2,0,1,0,keyword search,2026-06-26T14:05:00.228985+00:00,no break greater than,False,en,2026-06-26T14:06:34.776511+00:00,ok,,,,,,2.0,keyword_stratified
843,https://bsky.app/profile/theyfab.bsky.social/post/3m6aj33gi7c2a,at://did:plc:nykyd3km66cj3sa5k6g6uhi6/app.bsky.feed.post/3m6aj33gi7c2a,bafyreignghh6lmzoqwlanu7dfwp3iiihw4dhomkt6qkmv7srw6unu43eny,theyfab.bsky.social,did:plc:nykyd3km66cj3sa5k6g6uhi6,2025-11-22T19:15:50.521Z,"me when one of my mutuals has the ""posted more than 100 times yesterday"" tag: lol loser. what's the matter, nothing else to do?

me when i have the ""posted more than 100 times yesterday"" tag: well that's just ridiculous. those posts shouldn't have even counted. i was doing plenty of other stuff yest",post,,,en,14,1,0,0,keyword search,2026-06-26T14:05:00.228985+00:00,posted more than 100 times yesterday,False,en,2026-06-26T14:06:34.776511+00:00,ok,,,,,,19.0,high_engagement
418,https://bsky.app/profile/drunk.moe/post/3mnb2wsones2m,at://did:plc:dadnngq7hpnuglhxm556wgzi/app.bsky.feed.post/3mnb2wsones2m,bafyreibee4jzm2gp74ow2twz5gnafzfm2zxl6xfgszto6hezuk5jytbzjy,drunk.moe,did:plc:dadnngq7hpnuglhxm556wgzi,2026-06-01T21:53:28.904Z,buddy r u ok bsky.app/profile/stec...,post,,,en,7,0,1,0,official mention,2026-06-26T14:05:00.228985+00:00,bsky.app/profile/stec,False,cy,2026-06-26T14:06:34.776511+00:00,ok,,,,,,7.0,keyword_stratified
747,https://bsky.app/profile/joeauerbach.bsky.social/post/3ml4l2hqdv22a,at://did:plc:4ebgwtyii57fim4pvxlcthno/app.bsky.feed.post/3ml4l2hqdv22a,bafyreiauhnypq7p7fqljme7nqiaef3y3ifxj4bcmajehevdca77w4fkxi4,joeauerbach.bsky.social,did:plc:4ebgwtyii57fim4pvxlcthno,2026-05-05T16:08:09.564Z,"I recently subscribed to the account activity labeler (linked) and it tells me who posts nonstop and helps me sort out which accounts are likely bots or farms or teams.  Very customizable.

It's not perfect (because of the existence of Gail Simone) but it's been helpful is pruning my feed.",reply,at://did:plc:vo4xpexxlmti3wzqmdwamjqc/app.bsky.feed.post/3ml4ksk5usc2a,at://did:plc:vo4xpexxlmti3wzqmdwamjqc/app.bsky.feed.post/3ml4ksk5usc2a,en,1,0,0,1,keyword search,2026-06-26T14:05:00.228985+00:00,account activity labeler,False,en,2026-06-26T14:06:34.776511+00:00,ok,,,,,,4.0,keyword_stratified
573,https://bsky.app/profile/ladyaranea.bsky.social/post/3mc65zapps22s,at://did:plc:mowyr5u5vzm5h5h3elsf2urd/app.bsky.feed.post/3mc65zapps22s,bafyreifkjse2wet52q2p6drkvjvtzs327ucucsi3itikknw2irvaekhs7a,ladyaranea.bsky.social,did:plc:mowyr5u5vzm5h5h3elsf2urd,2026-01-11T18:33:24.833Z,Ah ha! bsky.app/profile/stec...,reply,at://did:plc:l6uabazjem2n2i3gasazsoeh/app.bsky.feed.post/3mc65n5f2v22t,at://did:plc:mowyr5u5vzm5h5h3elsf2urd/app.bsky.feed.post/3mc65gzeytc2s,en,4,0,3,0,official mention,2026-06-26T14:05:00.228985+00:00,bsky.app/profile/stec,False,unknown,2026-06-26T14:06:34.776511+00:00,ok,,,,,,4.0,keyword_stratified
975,https://bsky.app/profile/colophon.bsky.social/post/3m7avvuswe22k,at://did:plc:wsn4r2btwz56ewgtxn5mdiw6/app.bsky.feed.post/3m7avvuswe22k,bafyreigirodr3wwqhtld7hdje6fwdfu2ewss4w7pzmwfbly3vdu5r4j22a,colophon.bsky.social,did:plc:wsn4r2btwz56ewgtxn5mdiw6,2025-12-05T16:30:46.089Z,"""Posted the same url 5+ times yesterday"" is sending me",reply,at://did:plc:zj5kfeu2vgl6t4jokjjroszo/app.bsky.feed.post/3m7asuncumk2n,at://did:plc:aey6tdyzfrw5w6o6xwx7njiy/app.bsky.feed.post/3m7afsxx5u22d,en,6,0,0,0,keyword search,2026-06-26T14:05:00.228985+00:00,posted the same url,False,en,2026-06-26T14:06:34.776511+00:00,ok,,,,,,6.0,keyword_stratified
635,https://bsky.app/profile/danifinnwrites.bsky.social/post/3m7hxtxwnfs2p,at://did:plc:pxslkuul3wwr4fedt7xrlzix/app.bsky.feed.post/3m7hxtxwnfs2p,bafyreig6qyc3v74hsj7cscdml5oj74ox3trw2iscdbug26tlqfwo5ebana,danifinnwrites.bsky.social,did:plc:pxslkuul3wwr4fedt7xrlzix,2025-12-08T11:54:07.898Z,"One cool thing about the stechlab labeler is it can tell you if someone’s been mass unfollowing, usually a sign of a followback trash account

The funniest thing is it confirms how many of your moots are inveterate poasters

bsky.app/profile/stec...",post,,,en,17,9,0,0,official mention,2026-06-26T14:05:00.228985+00:00,bsky.app/profile/stec,False,en,2026-06-26T14:06:34.776511+00:00,ok,,,,,,62.0,high_engagement
318,https://bsky.app/profile/broberts.lol/post/3m5pjjkgtis2p,at://did:plc:ghceioqx6u4so7egjlbkzu2z/app.bsky.feed.post/3m5pjjkgtis2p,bafyreiehw4jtbhb3e52k5ebz7nlg7f73jbzoexlcqtdzuotxtlxy4pluhi,broberts.lol,did:plc:ghceioqx6u4so7egjlbkzu2z,2025-11-16T01:08:40.466Z,Also a good example of one of my favorite recent labelers from @stechlab-labels.bsky.social,reply,at://did:plc:pmyqirafcp3jqdhrl7crpq7t/app.bsky.feed.post/3m5pjf2ama225,at://did:plc:pmyqirafcp3jqdhrl7crpq7t/app.bsky.feed.post/3m5pjf2ama225,en,19,2,1,0,official mention,2026-06-26T14:05:00.228985+00:00,stechlab-labels.bsky.social,True,en,2026-06-26T14:06:34.776511+00:00,ok,,,,,,29.0,high_engagement
737,https://bsky.app/profile/cannedone.bsky.social/post/3moqmhpumuc27,at://did:plc:36nk23oih3ctklqxeeuptp5f/app.bsky.feed.post/3moqmhpumuc27,bafyreieybrkp2r6ncjq6bh75r3afy7q2fhujuoa5d4fif66imch66fgmdi,cannedone.bsky.social,did:plc:36nk23oih3ctklqxeeuptp5f,2026-06-20T19:42:17.694Z,"I subscribed to the Account Activity Labeler s.tech.cornell.edu/labeler/ which labels accounts that bulk (un)follow and post a lot etc

None of my following or followers have alerts; what amazing quality people you all are! Thanks for following; your likes, interactions, chats and just being you! 😃",post,,,en,2,0,0,0,keyword search,2026-06-26T14:05:00.228985+00:00,account activity labeler,False,en,2026-06-26T14:06:34.776511+00:00,ok,,,,,,2.0,keyword_stratified
716,https://bsky.app/profile/beaujackal.bsky.social/post/3m4p7on45th2a,at://did:plc:a6we76v4qgl4afvtahf757gs/app.bsky.feed.post/3m4p7on45th2a,bafyreihhezffe65gq35xsjwrrqzzj7w7zt5arhczdtciidv67b6uqnb2ea,beaujackal.bsky.social,did:plc:a6we76v4qgl4afvtahf757gs,2025-11-03T04:47:21.993Z,"Oh holy shit there's a labeler that calls out Chronic Posters.
""No breaks greater than 2 hours yesterday""
""More than 50 posts yesterday""
""Posted the same link more than 15 times""
bsky.app/profile/stec...",post,,,en,4,0,1,0,official mention,2026-06-26T14:05:00.228985+00:00,bsky.app/profile/stec,False,en,2026-06-26T14:06:34.776511+00:00,ok,,,,,,4.0,keyword_stratified
81,https://bsky.app/profile/heartpunk.bsky.social/post/3mjck3rchjk24,at://did:plc:5clan7z4wsuvaffihedjv6fu/app.bsky.feed.post/3mjck3rchjk24,bafyreigw73s55kjx2lcj2nizj4vgxfj7abmcq3m3ciu6lvp7vixd2mmhyu,heartpunk.bsky.social,did:plc:5clan7z4wsuvaffihedjv6fu,2026-04-12T14:16:34.579Z,here’s one such @stechlab-labels.bsky.social,reply,at://did:plc:rmplvmo2uq2mlth23rqhgcvx/app.bsky.feed.post/3mjcjydsz6c26,at://did:plc:rmplvmo2uq2mlth23rqhgcvx/app.bsky.feed.post/3mjcjg4nm5226,en,0,0,1,0,official mention,2026-06-26T14:05:00.228985+00:00,stechlab-labels.bsky.social,False,en,2026-06-26T14:06:34.776511+00:00,ok,,,,,,0.0,keyword_stratified
902,https://bsky.app/profile/babyshoes4cash.com/post/3mdt4m5fzvc2y,at://did:plc:3pcnghkif2l2bf3g3hx5spsu/app.bsky.feed.post/3mdt4m5fzvc2y,bafyreiggbmsjsvym4ygjtxmrzts734lwfliecxcpgurqosrims57splfl4,babyshoes4cash.com,did:plc:3pcnghkif2l2bf3g3hx5spsu,2026-02-01T19:59:17.554Z,"""posted 50+"": half pack a day

""posted 100+"": pack a day

""no break greater than 4 hours yesterday"": one pound of pipe tobacco, in a bong, a day",post,,,en,87,14,1,2,keyword search,2026-06-26T14:05:00.228985+00:00,no break greater than,False,en,2026-06-26T14:06:34.776511+00:00,ok,,,,,,163.0,high_engagement
118,https://bsky.app/profile/borgly.bsky.social/post/3mi3w5zp4s22b,at://did:plc:gjxxciokbxe37u7lhaxwqnks/app.bsky.feed.post/3mi3w5zp4s22b,bafyreibsmh6ifs6aehxe7vr7nhdrfnc6ksenoocaumrqbn6l6yatknmw3e,borgly.bsky.social,did:plc:gjxxciokbxe37u7lhaxwqnks,2026-03-28T05:38:45.599Z,"How did I not know about the Account Activity labeler before?
@stechlab-labels.bsky.social",post,,,en,1,0,1,0,official mention,2026-06-26T14:05:00.228985+00:00,stechlab-labels.bsky.social,False,en,2026-06-26T14:06:34.776511+00:00,ok,,,,,,1.0,keyword_stratified
575,https://bsky.app/profile/dryad.technology/post/3mc4c2jo3uc2w,at://did:plc:2aebn3xk5t63net43eeepire/app.bsky.feed.post/3mc4c2jo3uc2w,bafyreib6wetffgnfnzeym33rq66rnj4izn4nmqpuuxiav2ssswf462enxa,dryad.technology,did:plc:2aebn3xk5t63net43eeepire,2026-01-11T00:40:23.261Z,"Note: This is a joke; I am referring to the ""Posts a lot: More than 50 times yesterday"" and ""Replies a lot: More than 100 times yesterday"" labels; I don't know if those apply to me; I think that this is actually a interesting and potentially valuable idea, tho I have crits bsky.app/profile/stec...",reply,at://did:plc:2aebn3xk5t63net43eeepire/app.bsky.feed.post/3mc4al7w5qc2w,at://did:plc:2aebn3xk5t63net43eeepire/app.bsky.feed.post/3mc4al7w5qc2w,en,21,0,5,0,official mention,2026-06-26T14:05:00.228985+00:00,bsky.app/profile/stec,False,en,2026-06-26T14:06:34.776511+00:00,ok,,,,,,21.0,high_engagement
774,https://bsky.app/profile/wanda.bsky.social/post/3megldrpll22e,at://did:plc:um3pryc6pfqxyksu2ivem2ll/app.bsky.feed.post/3megldrpll22e,bafyreidcc45h4hwxlfmjnghw2o6ikbiezoeyoqvgibowauuvns3jzns6im,wanda.bsky.social,did:plc:um3pryc6pfqxyksu2ivem2ll,2026-02-09T13:43:38.004Z,I have the posts a lot label on my profile right now because I posted a lot yesterday and it's soooooooo embarrassing. I want to die,post,,,en,27,0,1,0,keyword search,2026-06-26T14:05:00.228985+00:00,posts a lot label,False,en,2026-06-26T14:06:34.776511+00:00,ok,,,,,,27.0,high_engagement
890,https://bsky.app/profile/dopestatistics.bsky.social/post/3mfdhjitkqc2q,at://did:plc:kjukqektupc3u4vfkq5ulaks/app.bsky.feed.post/3mfdhjitkqc2q,bafyreig5mzurswdznbavkhnbf4ihtqdgnbba6qfs233ije7zcm6zdgu3gi,dopestatistics.bsky.social,did:plc:kjukqektupc3u4vfkq5ulaks,2026-02-21T01:22:27.467Z,"Wtf how did I get a ""no break greater than 24 hrs "" label. 

I went 15 hrs w out a post lmao I just checked?",post,,,en,32,1,7,1,keyword search,2026-06-26T14:05:00.228985+00:00,no break greater than,False,en,2026-06-26T14:06:34.776511+00:00,ok,,,,,,40.0,high_engagement
910,https://bsky.app/profile/cheflubu.bsky.social/post/3mc2vsucrwc2c,at://did:plc:mcgn4c4xlqf75ieflqjxjg24/app.bsky.feed.post/3mc2vsucrwc2c,bafyreiaaej6idkvbfweyjrs3c3sjov4cejtfklnch7rqja4kt7in24byzu,cheflubu.bsky.social,did:plc:mcgn4c4xlqf75ieflqjxjg24,2026-01-10T11:28:41.350Z,"When the label says ""no break greater than an hour"" on your profile that makes me worried for your mental health",post,,,en,10,0,1,0,keyword search,2026-06-26T14:05:00.228985+00:00,no break greater than,False,en,2026-06-26T14:06:34.776511+00:00,ok,,,,,,10.0,keyword_stratified
671,https://bsky.app/profile/tywarning.bsky.social/post/3m5oqkfo3xs2k,at://did:plc:og7btenomggi7lyh4la4clsd/app.bsky.feed.post/3m5oqkfo3xs2k,bafyreiaxftqwkdfmotmlckce6mrp5krqqg6q5mwhuogd5q5yozruhwqywy,tywarning.bsky.social,did:plc:og7btenomggi7lyh4la4clsd,2025-11-15T17:41:45.475Z,"I’m also using the activity tracking labeler. Useful for identifying bots, or real people who change their identities intentionally to spam more.

bsky.app/profile/stec...",reply,at://did:plc:gzg3h5hprb74kz2igyghudlb/app.bsky.feed.post/3m5oq6izmlc2x,at://did:plc:og7btenomggi7lyh4la4clsd/app.bsky.feed.post/3m5n2rjbby22s,en,0,0,0,0,official mention,2026-06-26T14:05:00.228985+00:00,bsky.app/profile/stec,False,en,2026-06-26T14:06:34.776511+00:00,ok,,,,,,0.0,keyword_stratified
370,https://bsky.app/profile/leonenglish.bsky.social/post/3m4l66ztddc2z,at://did:plc:k4xwfxkeenn2mf7ewexhgb5b/app.bsky.feed.post/3m4l66ztddc2z,bafyreid7u2trm2ljggenpy2wl4whnilkfga4x6xlz5mbax2i2owmd4kr6m,leonenglish.bsky.social,did:plc:k4xwfxkeenn2mf7ewexhgb5b,2025-11-01T14:10:05.770Z,@stechlab-labels.bsky.social why you gotta attack me like this,post,,,en,2,0,0,0,official mention,2026-06-26T14:05:00.228985+00:00,stechlab-labels.bsky.social,True,en,2026-06-26T14:06:34.776511+00:00,ok,,,,,,2.0,keyword_stratified
487,https://bsky.app/profile/adriana1o5.bsky.social/post/3micfjfeqjs2c,at://did:plc:u5tx7b4hcowgv3urnzj4xq7z/app.bsky.feed.post/3micfjfeqjs2c,bafyreig4ics7mrmyalaut7pcucwhpwjjf3jhd772t4qwefy46r7ceyrxfi,adriana1o5.bsky.social,did:plc:u5tx7b4hcowgv3urnzj4xq7z,2026-03-30T19:29:31.498Z,Yep that one bsky.app/profile/stec...,reply,at://did:plc:jso7eonpai3or3by5fx4pffi/app.bsky.feed.post/3miccen4tms23,at://did:plc:rhmku3twwsqmsfwthxde2he5/app.bsky.feed.post/3mic6yg4ija2k,en,1,0,0,0,official mention,2026-06-26T14:05:00.228985+00:00,bsky.app/profile/stec,False,en,2026-06-26T14:06:34.776511+00:00,ok,,,,,,1.0,keyword_stratified
436,https://bsky.app/profile/skylorbeck.website/post/3mlbxsg7gec2d,at://did:plc:wvepxyvahpawnjlzvsqlxemc/app.bsky.feed.post/3mlbxsg7gec2d,bafyreid7g2wugtisdksj2hjsj7uaqtnm7v5rm6vadhnvuzqviz6ttm4yqu,skylorbeck.website,did:plc:wvepxyvahpawnjlzvsqlxemc,2026-05-07T19:39:36.861Z,bsky.app/profile/stec...,reply,at://did:plc:khx74ydks4kc2z4vxg4gfma7/app.bsky.feed.post/3mlbqpkslfs2a,at://did:plc:wvepxyvahpawnjlzvsqlxemc/app.bsky.feed.post/3mlbhee3xfs2q,en,1,0,1,0,official mention,2026-06-26T14:05:00.228985+00:00,bsky.app/profile/stec,False,unknown,2026-06-26T14:06:34.776511+00:00,ok,,,,,,1.0,keyword_stratified
828,https://bsky.app/profile/joshuaerlich.bsky.social/post/3mecb6xvqbc24,at://did:plc:53n54gjixfukqx56qyjnxmkn/app.bsky.feed.post/3mecb6xvqbc24,bafyreidrvapmtse4d5admb45bhyu2a2xbsurmivrcbziyhhglk55xx4bx4,joshuaerlich.bsky.social,did:plc:53n54gjixfukqx56qyjnxmkn,2026-02-07T20:31:20.353Z,"joined Nov '24, posted more than 100 times yesterday, and, surprising at this is, plainly lying about what this document says",quote,,,en,196,36,8,2,keyword search,2026-06-26T14:05:00.228985+00:00,posted more than 100 times yesterday,False,en,2026-06-26T14:06:34.776511+00:00,ok,,,,,,382.0,high_engagement
960,https://bsky.app/profile/bmasterad.bsky.social/post/3mjkeree2c22e,at://did:plc:ir4yypoc4jxayrsservoqey6/app.bsky.feed.post/3mjkeree2c22e,bafyreiamw2th36jpbm7aphev5xjyvkmlnsaqeloi5ifkzjrc4xyf2igccu,bmasterad.bsky.social,did:plc:ir4yypoc4jxayrsservoqey6,2026-04-15T17:02:34.657Z,"I wish there was a way to limit who follows. 
Follower bots seem to be EXTREEMLY eager to spam for any host of reasons, but one that is picking up are cases of ""mass follow"" has labels ""unfollowed 100+ yesterday""

Bluesky's big thing is customization (allegedly) why not allow us spam filter options?",post,,,en,5,0,1,0,keyword search,2026-06-26T14:05:00.228985+00:00,unfollowed 100+ yesterday,False,en,2026-06-26T14:06:34.776511+00:00,ok,,,,,,5.0,keyword_stratified
771,https://bsky.app/profile/emilyrose.bsky.social/post/3mhbwsyv67s2g,at://did:plc:3yfyu6vh7gizafjgrrgo277v/app.bsky.feed.post/3mhbwsyv67s2g,bafyreie2h36k4ew4yz6ftpl76impnqtf3j3d5sjqmkb7trehyw5iszzbge,emilyrose.bsky.social,did:plc:3yfyu6vh7gizafjgrrgo277v,2026-03-17T21:41:16.195Z,"The Cornell labeler used to be amusing, but since they added the reply count labels, it’s basically just “uses Bluesky” at this point. Too many labels. I’m gonna have to turn some off.",post,,,en,2,0,0,0,keyword search,2026-06-26T14:05:00.228985+00:00,Cornell labeler,False,en,2026-06-26T14:06:34.776511+00:00,ok,,,,,,2.0,keyword_stratified
708,https://bsky.app/profile/jonhendren.com/post/3m4s5ekyybs2q,at://did:plc:tbnrtasq73cfnuwyl6in3rhl/app.bsky.feed.post/3m4s5ekyybs2q,bafyreia5m32ib7qmw47f3apmhsf7gqjevylvqcw52l6nko2caxcwjsjhte,jonhendren.com,did:plc:tbnrtasq73cfnuwyl6in3rhl,2025-11-04T08:43:55.971Z,good labeler to tag the real freaks here bsky.app/profile/stec...,post,,,en,423,92,7,33,official mention,2026-06-26T14:05:00.228985+00:00,bsky.app/profile/stec,True,en,2026-06-26T14:06:34.776511+00:00,ok,,,,,,982.0,high_engagement
706,https://bsky.app/profile/willroar.bsky.social/post/3m4slnlss222j,at://did:plc:wtqdedkgqxynzos2mlnmfxub/app.bsky.feed.post/3m4slnlss222j,bafyreihtb67dhfgvo4ityjc7mnwnxwnjaipo5ndh2jjwt2ekj3uhttnuaq,willroar.bsky.social,did:plc:wtqdedkgqxynzos2mlnmfxub,2025-11-04T12:59:31.200Z,bam! bsky.app/profile/stec...,reply,at://did:plc:25djycwtjyjocat746ytjvmf/app.bsky.feed.post/3m4slhge2t222,at://did:plc:25djycwtjyjocat746ytjvmf/app.bsky.feed.post/3m4sk3o64rs22,en,3,0,0,0,official mention,2026-06-26T14:05:00.228985+00:00,bsky.app/profile/stec,False,unknown,2026-06-26T14:06:34.776511+00:00,ok,,,,,,3.0,keyword_stratified
77,https://bsky.app/profile/magslhalliday.bsky.social/post/3mjedqyzrkc2a,at://did:plc:vaxyggtfjgnf3o4nc52t5j6i/app.bsky.feed.post/3mjedqyzrkc2a,bafyreici4hmgpnwf7pa5x75hwfopg6527kh5dvil3uovqffn3fpfdlyna4,magslhalliday.bsky.social,did:plc:vaxyggtfjgnf3o4nc52t5j6i,2026-04-13T07:28:30.606Z,"There are a lot of dodgy videos circulating on here. They want the uncritical repost, the instant hit. One way to train your brain into pausing before sharing is using labeling tools.

@stechlab-labels.bsky.social labels frequent posters, link spammers etc. when you sub, you get labels like this.",post,,,en,6,2,1,2,official mention,2026-06-26T14:05:00.228985+00:00,stechlab-labels.bsky.social,True,en,2026-06-26T14:06:34.776511+00:00,ok,,,,,,22.0,high_engagement
682,https://bsky.app/profile/aaronrosspowell.com/post/3m5eahgkmac2r,at://did:plc:x2xmijn2egk5g67u3cwkddzy/app.bsky.feed.post/3m5eahgkmac2r,bafyreibvcdzyqlbzor55etkub2brv7mh2wkkefwbipehgumku66r7txxte,aaronrosspowell.com,did:plc:x2xmijn2egk5g67u3cwkddzy,2025-11-11T13:27:08.492Z,bsky.app/profile/stec...,reply,at://did:plc:brhc3ixymkoypidsef75v4d2/app.bsky.feed.post/3m5de73gvws2l,at://did:plc:x2xmijn2egk5g67u3cwkddzy/app.bsky.feed.post/3m5d6egjt5k25,en,0,0,0,0,official mention,2026-06-26T14:05:00.228985+00:00,bsky.app/profile/stec,False,unknown,2026-06-26T14:06:34.776511+00:00,ok,,,,,,0.0,keyword_stratified
937,https://bsky.app/profile/giurlioni.ispost.ing/post/3m5ds5wz6ok2y,at://did:plc:tl6nd2oggkel4lmxie5sp4i3/app.bsky.feed.post/3m5ds5wz6ok2y,bafyreif6qe5224kitbwzc4u34oj6qcmumbxddijy64v3tifs4fblldttsu,giurlioni.ispost.ing,did:plc:tl6nd2oggkel4lmxie5sp4i3,2025-11-11T09:11:17.818Z,'no break greater than 4 hours' pegue minha bunda insoniaca,post,,,pt,0,0,1,0,keyword search,2026-06-26T14:05:00.228985+00:00,no break greater than,False,en,2026-06-26T14:06:34.776511+00:00,ok,,,,,,0.0,keyword_stratified
734,https://bsky.app/profile/vickilanger.dev/post/3mbmfhzpr622x,at://did:plc:lguxjtegubfafom3rfn5xhxk/app.bsky.feed.post/3mbmfhzpr622x,bafyreiew56fdag3p45e2wtgwi4vgdraabhp423ttglzy4rdnv3zoyolwxy,vickilanger.dev,did:plc:lguxjtegubfafom3rfn5xhxk,2026-01-04T16:59:01.712Z,Is this the Touch Grass or the Chronically Online labeler? I keep getting them confused 😏 😆,reply,at://did:plc:l2ktomvijz42t6hfqaxl7gq6/app.bsky.feed.post/3mbmcudjnfc2f,at://did:plc:l2ktomvijz42t6hfqaxl7gq6/app.bsky.feed.post/3mbmcudjnfc2f,en,1,0,1,0,keyword search,2026-06-26T14:05:00.228985+00:00,chronically online labeler,False,en,2026-06-26T14:06:34.776511+00:00,ok,,,,,,1.0,keyword_stratified
379,https://bsky.app/profile/bnewbold.net/post/3m4hsjgxxx22u,at://did:plc:44ybard66vv44zksje25o7dz/app.bsky.feed.post/3m4hsjgxxx22u,bafyreicc3gncgy5spolh4ltbim5uxq6h2yfeahy3oufjfcb57yke4txdue,bnewbold.net,did:plc:44ybard66vv44zksje25o7dz,2025-10-31T06:03:10.980Z,check out @stechlab-labels.bsky.social,post,,,en,63,12,0,5,official mention,2026-06-26T14:05:00.228985+00:00,stechlab-labels.bsky.social,False,en,2026-06-26T14:06:34.776511+00:00,ok,,,,,,138.0,high_engagement
839,https://bsky.app/profile/alilnightmusing.bsky.social/post/3m7ibg3fmy22f,at://did:plc:y7e6yapc5wfz5z7rvrxfun4b/app.bsky.feed.post/3m7ibg3fmy22f,bafyreigpsi4aqtkfybjfmhqxhfzhc74gxhsljs4dsgpaafprp5ulmhbide,alilnightmusing.bsky.social,did:plc:y7e6yapc5wfz5z7rvrxfun4b,2025-12-08T14:45:19.193Z,"Labeler: sweetheart. Darling. I by no means posted more than 100 times yesterday. Possibly you are so taken with me that all of our days together merge into one long day, but I swear to you I haven’t altered my profile a bit, because I wouldn’t do that to you.",reply,at://did:plc:y7e6yapc5wfz5z7rvrxfun4b/app.bsky.feed.post/3m7iadx5ryk2f,at://did:plc:y7e6yapc5wfz5z7rvrxfun4b/app.bsky.feed.post/3m7iadx5ryk2f,en,0,0,0,0,keyword search,2026-06-26T14:05:00.228985+00:00,posted more than 100 times yesterday,False,en,2026-06-26T14:06:34.776511+00:00,ok,,,,,,0.0,keyword_stratified
384,https://bsky.app/profile/dame.is/post/3m4h52u3mh22m,at://did:plc:gq4fo3u6tqzzdkjlwzpb23tj/app.bsky.feed.post/3m4h52u3mh22m,bafyreie5zkt33oevjpsepy7q7pg7hx5msdop2iz3cauj3kdz3wy3rtqgwe,dame.is,did:plc:gq4fo3u6tqzzdkjlwzpb23tj,2025-10-30T23:39:12.832Z,lol @jcsalterego.bsky.social has the “Posts a lot: more than 100 times yesterday” label from @stechlab-labels.bsky.social,reply,at://did:plc:gq4fo3u6tqzzdkjlwzpb23tj/app.bsky.feed.post/3m4h4wleqe22m,at://did:plc:gq4fo3u6tqzzdkjlwzpb23tj/app.bsky.feed.post/3m4h4s4v54s2m,en,20,0,2,0,official mention,2026-06-26T14:05:00.228985+00:00,stechlab-labels.bsky.social,True,en,2026-06-26T14:06:34.776511+00:00,ok,,,,,,20.0,high_engagement
8,https://bsky.app/profile/xan.lol/post/3momxcy5g3222,at://did:plc:q7suwaz53ztc4mbiqyygbn43/app.bsky.feed.post/3momxcy5g3222,bafyreibrgt4woiw5dfejf5nprzl4a5ivxleoltbe2ofdty7wo3on2ofi6q,xan.lol,did:plc:q7suwaz53ztc4mbiqyygbn43,2026-06-19T08:45:50.805Z,u could subscribe to @stechlab-labels.bsky.social to get even more lol,reply,at://did:plc:asb3rgscdkkv636buq6blof6/app.bsky.feed.post/3momwsbtgdc2s,at://did:plc:asb3rgscdkkv636buq6blof6/app.bsky.feed.post/3momwsbtgdc2s,en,1,0,0,0,official mention,2026-06-26T14:05:00.228985+00:00,stechlab-labels.bsky.social,False,en,2026-06-26T14:06:34.776511+00:00,ok,,,,,,1.0,keyword_stratified
551,https://bsky.app/profile/hamorichisato.bsky.social/post/3mdabwaglcc2v,at://did:plc:4b47z4oy75kbxafzrqh2rp4g/app.bsky.feed.post/3mdabwaglcc2v,bafyreiesy3y4fkdmj67maey7wh2mdxrqcrgkq5u2pjfnuy4styip4cmeim,hamorichisato.bsky.social,did:plc:4b47z4oy75kbxafzrqh2rp4g,2026-01-25T08:13:49.936Z,"面白いラベラーといえばこれも
不審な垢か判断するためのやつなんだけど
燻りだされるのは
イベント頑張ってる方とツイ廃

bsky.app/profile/stec...",post,,,ja,1,1,0,0,official mention,2026-06-26T14:05:00.228985+00:00,bsky.app/profile/stec,False,ja,2026-06-26T14:06:34.776511+00:00,ok,,,,,,6.0,keyword_stratified
792,https://bsky.app/profile/alexanderhay.myatproto.social/post/3mluynj6jo22v,at://did:plc:7wkxedboqzysjzsgetugxq6l/app.bsky.feed.post/3mluynj6jo22v,bafyreibnfltqfkca3jqfqr3frq5w65kavwo3ug5hgsvmxp2dsz7nvgh564,alexanderhay.myatproto.social,did:plc:7wkxedboqzysjzsgetugxq6l,2026-05-15T09:15:20.977Z,You made over 50 replies yesterday. That battleship sailed a while ago.,reply,at://did:plc:bo6nyix45bwzcywkvsofxwjb/app.bsky.feed.post/3mluylqhasc24,at://did:plc:ukm4yark6tmktkhdnscir6si/app.bsky.feed.post/3mltv2rraq22e,en,0,0,0,0,keyword search,2026-06-26T14:05:00.228985+00:00,made over 50 replies yesterday,False,en,2026-06-26T14:06:34.776511+00:00,ok,,,,,,0.0,keyword_stratified
846,https://bsky.app/profile/sameoldstory.co/post/3m5c66bbw2s22,at://did:plc:3bnlr2j4womjtjolzcox25eu/app.bsky.feed.post/3m5c66bbw2s22,bafyreiejqcdkw77ysijkpwv5tv72m3b2hfmvdt73dtm3zy3ma5a7rnpwmm,sameoldstory.co,did:plc:3bnlr2j4womjtjolzcox25eu,2025-11-10T17:40:54.015Z,"Trying to make this observation delicately, but there was an obvious relationship between users with the “posted more than 100 times yesterday” badge and users who had a very hard time with Senate developments",post,,,en,54,7,6,0,keyword search,2026-06-26T14:05:00.228985+00:00,posted more than 100 times yesterday,False,en,2026-06-26T14:06:34.776511+00:00,ok,,,,,,89.0,high_engagement
577,https://bsky.app/profile/ingr.own.baby/post/3mc2bngtgtk2z,at://did:plc:vqqputft2o4kkf4rcvvxr3rp/app.bsky.feed.post/3mc2bngtgtk2z,bafyreicza7ydbitfstl7a5ifvrzil5auzrtvjwwj4zq2zdntnvlx6nij4e,ingr.own.baby,did:plc:vqqputft2o4kkf4rcvvxr3rp,2026-01-10T05:27:44.606Z,bsky.app/profile/stec...,reply,at://did:plc:sefdkaynhocvg2bnpenlvioa/app.bsky.feed.post/3mc22oxgq5c2l,at://did:plc:k6kg5ccozcphfcmp4zyx3s64/app.bsky.feed.post/3mc22bca4wc2n,en,2,0,0,0,official mention,2026-06-26T14:05:00.228985+00:00,bsky.app/profile/stec,False,unknown,2026-06-26T14:06:34.776511+00:00,ok,,,,,,2.0,keyword_stratified
788,https://bsky.app/profile/samgavin.com/post/3mgzrunfis224,at://did:plc:ec6tldu7pbeyu6pneo66raed/app.bsky.feed.post/3mgzrunfis224,bafyreiemlilchml7d2j4iellf2vzhpshll5hppb7mcn6jn6nen5fcamodu,samgavin.com,did:plc:ec6tldu7pbeyu6pneo66raed,2026-03-14T15:51:24.641Z,did someone who made over 25 replies yesterday write this post,reply,at://did:plc:k6kg5ccozcphfcmp4zyx3s64/app.bsky.feed.post/3mgzqfsehys2h,at://did:plc:k6kg5ccozcphfcmp4zyx3s64/app.bsky.feed.post/3mgzqfsehys2h,en,4,0,0,0,keyword search,2026-06-26T14:05:00.228985+00:00,made over 25 replies yesterday,False,en,2026-06-26T14:06:34.776511+00:00,ok,,,,,,4.0,keyword_stratified
347,https://bsky.app/profile/vortexegg.com/post/3m4vva2vnvk2u,at://did:plc:gulgraxdu6fcjpitxjniqn55/app.bsky.feed.post/3m4vva2vnvk2u,bafyreiehlupnviquaqbkcgnrwnn6udylt74myqimzt34volw2zppd7ugqe,vortexegg.com,did:plc:gulgraxdu6fcjpitxjniqn55,2025-11-05T20:28:53.894Z,"By the way this labeler is very helpful, if for no other reason than as a signal for gauging other people’ too-onlineness.

@stechlab-labels.bsky.social",post,,,en,20,4,1,1,official mention,2026-06-26T14:05:00.228985+00:00,stechlab-labels.bsky.social,False,en,2026-06-26T14:06:34.776511+00:00,ok,,,,,,43.0,high_engagement
59,https://bsky.app/profile/thebrewergame.com/post/3mkcozqey522b,at://did:plc:h4z2z77u2dqenxrvt47i7kta/app.bsky.feed.post/3mkcozqey522b,bafyreidnnaqua6yt2jd5lokds3yzlmpjv6yv6j6naddaj4f54z5uag6dhq,thebrewergame.com,did:plc:h4z2z77u2dqenxrvt47i7kta,2026-04-25T09:10:06.800Z,"This is completely unrelated, but WHAT do you do to receive this many labels from @stechlab-labels.bsky.social all at once?!",reply,at://did:plc:l37td5yhxl2irrzrgvei4qay/app.bsky.feed.post/3mkbxsumf4k2p,at://did:plc:l37td5yhxl2irrzrgvei4qay/app.bsky.feed.post/3mkbxsumf4k2p,en,2,0,1,0,official mention,2026-06-26T14:05:00.228985+00:00,stechlab-labels.bsky.social,True,en,2026-06-26T14:06:34.776511+00:00,ok,,,,,,2.0,keyword_stratified
543,https://bsky.app/profile/nonadecimal.com/post/3mdjp2ypb2k25,at://did:plc:qrocn3cix26pcikisj3nx7kg/app.bsky.feed.post/3mdjp2ypb2k25,bafyreibziwyzzu7gi7hwmziuufhxjbxz352szcnkajnemcq2wtdxomtavm,nonadecimal.com,did:plc:qrocn3cix26pcikisj3nx7kg,2026-01-29T02:03:05.885Z,"Recommending this account labeler from Cornell that makes it easy to spot suspicious accounts and ones that are follow-farming.

bsky.app/profile/stec...",post,,,en,6,3,1,0,official mention,2026-06-26T14:05:00.228985+00:00,bsky.app/profile/stec,True,en,2026-06-26T14:06:34.776511+00:00,ok,,,,,,21.0,high_engagement
200,https://bsky.app/profile/ducugavril.nafoforum.org/post/3mcpjdl3ie22c,at://did:plc:w4sp23lb6nuq6favabnuehxe/app.bsky.feed.post/3mcpjdl3ie22c,bafyreig5jrxk3srrg2zjvpubiej72au437ilpiihly3ctamdwwhbktezby,ducugavril.nafoforum.org,did:plc:w4sp23lb6nuq6favabnuehxe,2026-01-18T16:11:17.960Z,"Lots of false positives with this labeler, especially on ""changed username"". It doesn't work right or worse, it's malicious.

@stechlab-labels.bsky.social",post,,,en,9,3,1,0,official mention,2026-06-26T14:05:00.228985+00:00,stechlab-labels.bsky.social,True,en,2026-06-26T14:06:34.776511+00:00,ok,,,,,,24.0,high_engagement
689,https://bsky.app/profile/cait.bsky.social/post/3m5c7f65o7c2i,at://did:plc:awzzrtrcrvpnxi3ph2sbhxwv/app.bsky.feed.post/3m5c7f65o7c2i,bafyreihwnkyne4obcvedns5llbb7sfc5xyqyyccrobkrxq6ju7uacpniyi,cait.bsky.social,did:plc:awzzrtrcrvpnxi3ph2sbhxwv,2025-11-10T18:02:39.354Z,bsky.app/profile/stec...,reply,at://did:plc:2si3soj5w3vadgb4w7giu4oi/app.bsky.feed.post/3m5c7cu4jpc22,at://did:plc:awzzrtrcrvpnxi3ph2sbhxwv/app.bsky.feed.post/3m5c75b55dk2i,en,16,1,1,0,official mention,2026-06-26T14:05:00.228985+00:00,bsky.app/profile/stec,False,unknown,2026-06-26T14:06:34.776511+00:00,ok,,,,,,21.0,keyword_stratified
290,https://bsky.app/profile/dame.is/post/3m6sh733luc23,at://did:plc:gq4fo3u6tqzzdkjlwzpb23tj/app.bsky.feed.post/3m6sh733luc23,bafyreig7kuiz3jegttn4nuwigawndcyi55kkmxjqypsxo73aqoazfqlrg4,dame.is,did:plc:gq4fo3u6tqzzdkjlwzpb23tj,2025-11-29T22:30:12.188Z,"i knew the @stechlab-labels.bsky.social labeler was gonna be annoying for me personally despite how cool the labeler is — people see these flags on my account and immediately think i’m sus lol

reminder, my avatar changes every hour automatically! it runs on my iphone!

dame.is/writing/blog...",quote,,,en,34,5,5,0,official mention,2026-06-26T14:05:00.228985+00:00,stechlab-labels.bsky.social,False,en,2026-06-26T14:06:34.776511+00:00,ok,,,,,,59.0,high_engagement
89,https://bsky.app/profile/bigbigtruck.com/post/3miwwj3b6ns25,at://did:plc:iqaa2axsarcpx2tuspnp6ybi/app.bsky.feed.post/3miwwj3b6ns25,bafyreigjxko5toeqwrizvuklsbdizxatxc6cotgk76wgrczgzjbuuw4jni,bigbigtruck.com,did:plc:iqaa2axsarcpx2tuspnp6ybi,2026-04-07T23:26:49.276Z,Apropos of nothing I've found this to be a big improvement to by bsky experience @stechlab-labels.bsky.social,post,,,en,25,5,1,0,official mention,2026-06-26T14:05:00.228985+00:00,stechlab-labels.bsky.social,False,en,2026-06-26T14:06:34.776511+00:00,ok,,,,,,50.0,keyword_stratified
326,https://bsky.app/profile/flefgraph.bsky.social/post/3m5facv36ak2a,at://did:plc:ll2kb2twlf5hokfho4nrze5m/app.bsky.feed.post/3m5facv36ak2a,bafyreihf5j46ky524jliprxknwwukm5kd4xzgp3zi7ejpq7ahyqyinsnvi,flefgraph.bsky.social,did:plc:ll2kb2twlf5hokfho4nrze5m,2025-11-11T22:57:15.681Z,"J'aime énormément le labeler @stechlab-labels.bsky.social .

Surtout les parties montrant les différents types de comportements extrêmes sur le réseau...

Les gens qui ont fait plus de 100 posts dans la journée d'hier, qui n'ont pas fait de pause de plus de 4h en 24h...",post,,,fr,36,9,8,0,official mention,2026-06-26T14:05:00.228985+00:00,stechlab-labels.bsky.social,True,fr,2026-06-26T14:06:34.776511+00:00,ok,,,,,,81.0,high_engagement
712,https://bsky.app/profile/apenwarr.ca/post/3m4qgawwp6c2c,at://did:plc:7dudjk2uag3q4wb7l6vfe5yk/app.bsky.feed.post/3m4qgawwp6c2c,bafyreievudwwi2dl2mc2ec7yprntghv72dzf2t3l32ez6u5uj5xdqchjfq,apenwarr.ca,did:plc:7dudjk2uag3q4wb7l6vfe5yk,2025-11-03T16:17:38.469Z,This is pretty neat labeler for quieting the noisiest parts of ”extremely online” discussions without having to block people. bsky.app/profile/stec...,post,,,en,20,5,2,0,official mention,2026-06-26T14:05:00.228985+00:00,bsky.app/profile/stec,False,en,2026-06-26T14:06:34.776511+00:00,ok,,,,,,45.0,high_engagement
899,https://bsky.app/profile/sky.skymarchini.net/post/3meaol2kouc2b,at://did:plc:j2kmiyhld5btzozgzwy3lc2m/app.bsky.feed.post/3meaol2kouc2b,bafyreid57e7c4hiwvmrvsai7vbdu32qhb7ru3pf4c7na67xpxgm4bb4blu,sky.skymarchini.net,did:plc:j2kmiyhld5btzozgzwy3lc2m,2026-02-07T05:25:24.954Z,"> using —
>no break greater than 4 hrs",quote,,,en,84,3,5,0,keyword search,2026-06-26T14:05:00.228985+00:00,no break greater than,False,en,2026-06-26T14:06:34.776511+00:00,ok,,,,,,99.0,high_engagement
479,https://bsky.app/profile/fimoseosbourne.bsky.social/post/3mihyazum7s24,at://did:plc:zjgzdqej4b5ay4ccolsjzyle/app.bsky.feed.post/3mihyazum7s24,bafyreih46kmkdaty4q5a63cuf5taxkhcj5sivsicqtfm7kevgj662m2nxq,fimoseosbourne.bsky.social,did:plc:zjgzdqej4b5ay4ccolsjzyle,2026-04-02T00:48:10.787Z,"aqui o labeler pra quem tiver interesse:
bsky.app/profile/stec...",reply,at://did:plc:zjgzdqej4b5ay4ccolsjzyle/app.bsky.feed.post/3mihy7btzw224,at://did:plc:zjgzdqej4b5ay4ccolsjzyle/app.bsky.feed.post/3mihy4wobk224,pt,60,12,4,6,official mention,2026-06-26T14:05:00.228985+00:00,bsky.app/profile/stec,False,ca,2026-06-26T14:06:34.776511+00:00,ok,,,,,,138.0,high_engagement
957,https://bsky.app/profile/critterofcreatures.bsky.social/post/3mcidj7iqys2p,at://did:plc:f7ojqbmlokyzrbw7finklqha/app.bsky.feed.post/3mcidj7iqys2p,bafyreigjzkwib63i3q3mp7wcwqil7immjo4nzihlra6iljdwezf3o27nfe,critterofcreatures.bsky.social,did:plc:f7ojqbmlokyzrbw7finklqha,2026-01-15T19:38:26.517Z,"changed profile 5+ times 🗣️🔥🔥🔥
profile changes often: more than 3 in last 30 days
posts a lot: more than 50 times yesterday 🔥🔥🔥🔥🔥",reply,at://did:plc:ormnautzhde2rcgkmo77d6bs/app.bsky.feed.post/3mciddaied22k,at://did:plc:ormnautzhde2rcgkmo77d6bs/app.bsky.feed.post/3mciddaied22k,en,1,0,1,0,keyword search,2026-06-26T14:05:00.228985+00:00,Profile Changes Often,False,en,2026-06-26T14:06:34.776511+00:00,ok,,,,,,1.0,keyword_stratified
383,https://bsky.app/profile/dame.is/post/3m4h5eb6mr22m,at://did:plc:gq4fo3u6tqzzdkjlwzpb23tj/app.bsky.feed.post/3m4h5eb6mr22m,bafyreidwg5j7kdwa2djtyyz7auwrgqgixbgv6omldn32kb7xna4wtvos2m,dame.is,did:plc:gq4fo3u6tqzzdkjlwzpb23tj,2025-10-30T23:44:28.551Z,"seriously the @stechlab-labels.bsky.social labeler is hella cool, some really interesting data that they’re processing and flagging",reply,at://did:plc:gq4fo3u6tqzzdkjlwzpb23tj/app.bsky.feed.post/3m4h52u3mh22m,at://did:plc:gq4fo3u6tqzzdkjlwzpb23tj/app.bsky.feed.post/3m4h4s4v54s2m,en,63,11,2,12,official mention,2026-06-26T14:05:00.228985+00:00,stechlab-labels.bsky.social,True,en,2026-06-26T14:06:34.776511+00:00,ok,,,,,,154.0,high_engagement
414,https://bsky.app/profile/magslhalliday.bsky.social/post/3mnwhhgwkb22d,at://did:plc:vaxyggtfjgnf3o4nc52t5j6i/app.bsky.feed.post/3mnwhhgwkb22d,bafyreict5jqbmq3ior2tuk7illitd6mvizo547oz6csqe7ykqtqvzxbkmm,magslhalliday.bsky.social,did:plc:vaxyggtfjgnf3o4nc52t5j6i,2026-06-10T10:03:26.412Z,"The “either terminally online or a bot” labeller is a fave. 

bsky.app/profile/stec...",reply,at://did:plc:e7qyf2qa6ldb5gjlqza5zbtj/app.bsky.feed.post/3mnwgtdjcs22o,at://did:plc:e7qyf2qa6ldb5gjlqza5zbtj/app.bsky.feed.post/3mnwgtdjcs22o,en,5,0,2,0,official mention,2026-06-26T14:05:00.228985+00:00,bsky.app/profile/stec,False,en,2026-06-26T14:06:34.776511+00:00,ok,,,,,,5.0,keyword_stratified
348,https://bsky.app/profile/goose.art/post/3m4upienibk2m,at://did:plc:hsqwcidfez66lwm3gxhfv5in/app.bsky.feed.post/3m4upienibk2m,bafyreifnod6rm3biwlcctoa6wbyyhzew6vsymspwdrrdef3ab5nx3dl2oq,goose.art,did:plc:hsqwcidfez66lwm3gxhfv5in,2025-11-05T09:13:30.354Z,everyone should hide this label from @stechlab-labels.bsky.social so that when someone posts too much they get put in posters purgatory until the next day,post,,,en,24,1,1,0,official mention,2026-06-26T14:05:00.228985+00:00,stechlab-labels.bsky.social,True,en,2026-06-26T14:06:34.776511+00:00,ok,,,,,,29.0,high_engagement
446,https://bsky.app/profile/khthoniaa.bsky.social/post/3mklosixuws2a,at://did:plc:b6enskf433t4taqluyerhzpx/app.bsky.feed.post/3mklosixuws2a,bafyreicds7axtovwpnddqc3crjkoddn2flg4wguraevm2asy5y4a7qeaoa,khthoniaa.bsky.social,did:plc:b6enskf433t4taqluyerhzpx,2026-04-28T23:00:01.840Z,"This one is also helpful: It's an automatic labeler that detects spammy activity and labels other accounts accordingly:

bsky.app/profile/stec...",reply,at://did:plc:b6enskf433t4taqluyerhzpx/app.bsky.feed.post/3mkloqn7llc2a,at://did:plc:b6enskf433t4taqluyerhzpx/app.bsky.feed.post/3mklo73rik22a,en,2,0,1,0,official mention,2026-06-26T14:05:00.228985+00:00,bsky.app/profile/stec,False,en,2026-06-26T14:06:34.776511+00:00,ok,,,,,,2.0,keyword_stratified
802,https://bsky.app/profile/punishedsadiston.bsky.social/post/3mcuq5s3efk2q,at://did:plc:t2modzvwmhhpubw4wtd2k5fj/app.bsky.feed.post/3mcuq5s3efk2q,bafyreiaekyzdtzxhrahctvlcp3mbnz2mabvp6uvz5ycxug63vyygeedogy,punishedsadiston.bsky.social,did:plc:t2modzvwmhhpubw4wtd2k5fj,2026-01-20T17:56:38.854Z,Labeler are the most fun feature on this juiceless beige waiting room of a social media platform. What do you mean all my mutuals posted more than 50 times yesterday? I NEED to get the “100+ Blocks” and “Toxic Poster” badge.,post,,,en,1,0,0,1,keyword search,2026-06-26T14:05:00.228985+00:00,posted more than 50 times yesterday,False,en,2026-06-26T14:06:34.776511+00:00,ok,,,,,,4.0,keyword_stratified
765,https://bsky.app/profile/astral100.bsky.social/post/3mksfmp7hzc2r,at://did:plc:o5662l2bbcljebd6rl7a6rmz/app.bsky.feed.post/3mksfmp7hzc2r,bafyreich2u7eq4czzfqba7cr5dpdq4qbc3rqunnyxqu5t2cn6hfvf3pisa,astral100.bsky.social,did:plc:o5662l2bbcljebd6rl7a6rmz,2026-05-01T15:04:21Z,"Correction: The STech Lab labeler wasn't ""just launched"" — it's been active since ~Oct 2025, presented at AtmosphereConf in March, and has 1,500+ subscribers. I discovered it today but described my discovery as their launch. The analysis of its strengths and gaps still holds.",reply,at://did:plc:o5662l2bbcljebd6rl7a6rmz/app.bsky.feed.post/3mks5njkh4q2f,at://did:plc:o5662l2bbcljebd6rl7a6rmz/app.bsky.feed.post/3mks5njkh4q2f,,2,0,1,0,keyword search,2026-06-26T14:05:00.228985+00:00,STech Lab,False,en,2026-06-26T14:06:34.776511+00:00,ok,,,,,,2.0,keyword_stratified
48,https://bsky.app/profile/sleepyfella.nekoweb.org/post/3mkt2qnzxu22a,at://did:plc:3wcfjfzq6sxsstw532vicqov/app.bsky.feed.post/3mkt2qnzxu22a,bafyreifz3xtvcmwtxlajxlm2y6vc77iowtx7u525qoehdsycysqit4d734,sleepyfella.nekoweb.org,did:plc:3wcfjfzq6sxsstw532vicqov,2026-05-01T21:22:23.111Z,"ℹ️ - SLEEPY CERTIFIED BLUESKY LABELERS!!

@stechlab-labels.bsky.social
@pridelabeller.bsky.social 
@sonasky.app 
@oracle.posters.rip 
@pronounpicker.ripperoni.com",quote,,,en,7,0,0,0,official mention,2026-06-26T14:05:00.228985+00:00,stechlab-labels.bsky.social,False,de,2026-06-26T14:06:34.776511+00:00,ok,,,,,,7.0,keyword_stratified
972,https://bsky.app/profile/anthony.parts/post/3mez6d7o7pk2v,at://did:plc:u5fqbuuork5fgcces74nep55/app.bsky.feed.post/3mez6d7o7pk2v,bafyreih3c2umh2w6ceo7zgncumkjfz4oqy5wfp3xjqhtlsnrqcpz5udkja,anthony.parts,did:plc:u5fqbuuork5fgcces74nep55,2026-02-16T23:11:15.470Z,"I figure it's like how there's that ""posted the same url 50+ times yesterday"" labeler that needed to exist because the automated spam detection doesn't want to flag those",reply,at://did:plc:jnswl5635ubljpzhoqqdysj7/app.bsky.feed.post/3mez5z5s65k2k,at://did:plc:jnswl5635ubljpzhoqqdysj7/app.bsky.feed.post/3mez5h7ha6c2w,en,0,0,0,0,keyword search,2026-06-26T14:05:00.228985+00:00,posted the same url,False,en,2026-06-26T14:06:34.776511+00:00,ok,,,,,,0.0,keyword_stratified
321,https://bsky.app/profile/magslhalliday.bsky.social/post/3m5nxcxmqp22u,at://did:plc:vaxyggtfjgnf3o4nc52t5j6i/app.bsky.feed.post/3m5nxcxmqp22u,bafyreie2acp744yfe6cxn7peowtxhsycm36kqzitlpulxwrbmkqin5atpq,magslhalliday.bsky.social,did:plc:vaxyggtfjgnf3o4nc52t5j6i,2025-11-15T10:10:12.321Z,"In a move to stop me spending too much time on here, I’ve followed @stechlab-labels.bsky.social and picked the labels I want to see. 

Sure, it labels others too, but I do not want to see those “posted 50 times yesterday” labels on my posts.",post,,,en,2,0,1,0,official mention,2026-06-26T14:05:00.228985+00:00,stechlab-labels.bsky.social,False,en,2026-06-26T14:06:34.776511+00:00,ok,,,,,,2.0,keyword_stratified
312,https://bsky.app/profile/divinecoffeebinge.bsky.social/post/3m5w6wm3kus2z,at://did:plc:gnjum2pmlmx6qunlviiqyxld/app.bsky.feed.post/3m5w6wm3kus2z,bafyreiaxb4uhcrplqsta7w2dlxs2xakkdxdicrnkpnfli3yeruuvvucavi,divinecoffeebinge.bsky.social,did:plc:gnjum2pmlmx6qunlviiqyxld,2025-11-18T16:47:45.416Z,This labeler is cool and good @stechlab-labels.bsky.social,post,,,en,3,1,0,1,official mention,2026-06-26T14:05:00.228985+00:00,stechlab-labels.bsky.social,False,en,2026-06-26T14:06:34.776511+00:00,ok,,,,,,11.0,keyword_stratified
83,https://bsky.app/profile/anthonyisa.top/post/3mjaua7egpk2z,at://did:plc:4uqzdijb5ndnhttyak2xk6hc/app.bsky.feed.post/3mjaua7egpk2z,bafyreid2agests2fiuiy3zibcitgkxb7fqv75dw5a3iwiuaevqiathvnra,anthonyisa.top,did:plc:4uqzdijb5ndnhttyak2xk6hc,2026-04-11T22:12:41.486Z,@stechlab-labels.bsky.social,reply,at://did:plc:4uqzdijb5ndnhttyak2xk6hc/app.bsky.feed.post/3mjau5veefc2z,at://did:plc:4uqzdijb5ndnhttyak2xk6hc/app.bsky.feed.post/3mjau5veefc2z,en,4,0,0,0,official mention,2026-06-26T14:05:00.228985+00:00,stechlab-labels.bsky.social,False,unknown,2026-06-26T14:06:34.776511+00:00,ok,,,,,,4.0,keyword_stratified
415,https://bsky.app/profile/caelan.bsky.social/post/3mnwgsuem2c2o,at://did:plc:e7qyf2qa6ldb5gjlqza5zbtj/app.bsky.feed.post/3mnwgsuem2c2o,bafyreifcokl5qafeqje6zv3xdsblcnl2im6z52cyvo6ehbefql6znzoja4,caelan.bsky.social,did:plc:e7qyf2qa6ldb5gjlqza5zbtj,2026-06-10T09:51:55.861Z,"bsky.app/profile/stec...

Really helps you know who not to engage with lol",reply,at://did:plc:5c6lbp4uiibmlswayzrs7nbr/app.bsky.feed.post/3mnwbkarvwc2z,at://did:plc:e7qyf2qa6ldb5gjlqza5zbtj/app.bsky.feed.post/3mnvfy3prhs2s,en,1,0,0,0,official mention,2026-06-26T14:05:00.228985+00:00,bsky.app/profile/stec,False,en,2026-06-26T14:06:34.776511+00:00,ok,,,,,,1.0,keyword_stratified
336,https://bsky.app/profile/werewolf.pizza/post/3m4yvu3uu722u,at://did:plc:nihn7fjuvzsqlal6dqskuvij/app.bsky.feed.post/3m4yvu3uu722u,bafyreiczzg4nhr3lfyfexgra7i37ncuskwh26qsumngpkshv5dmelucoey,werewolf.pizza,did:plc:nihn7fjuvzsqlal6dqskuvij,2025-11-07T01:18:05.220Z,Simply click this way: @stechlab-labels.bsky.social,reply,at://did:plc:hjviwzudgxbu5wb2dbq6guch/app.bsky.feed.post/3m4yvrj5hfk2b,at://did:plc:j5hrotody26iqi24hcusufxu/app.bsky.feed.post/3m4vjh7gw7c2i,en,0,0,0,0,official mention,2026-06-26T14:05:00.228985+00:00,stechlab-labels.bsky.social,False,en,2026-06-26T14:06:34.776511+00:00,ok,,,,,,0.0,keyword_stratified
693,https://bsky.app/profile/dobisan.cc/post/3m55ktk4xks2e,at://did:plc:shzhaffsyhuh7cdlbjkyc3jw/app.bsky.feed.post/3m55ktk4xks2e,bafyreifp44yhv22igxwvkzo6ktrgdjtn2ksupk76ndkwbuaxswxzja2qze,dobisan.cc,did:plc:shzhaffsyhuh7cdlbjkyc3jw,2025-11-08T21:44:14.144Z,"Azt hiszem ez a moderáció dolog sokkal jobban meg van oldva itt Blueskyon. Mert ha a Bluesky nem oldja meg akkor egy egyetem igen. :)

bsky.app/profile/stec...",post,,,en,0,0,0,0,official mention,2026-06-26T14:05:00.228985+00:00,bsky.app/profile/stec,False,hu,2026-06-26T14:06:34.776511+00:00,ok,,,,,,0.0,keyword_stratified
391,https://bsky.app/profile/xan.lol/post/3m3kxqoe5422n,at://did:plc:q7suwaz53ztc4mbiqyygbn43/app.bsky.feed.post/3m3kxqoe5422n,bafyreige27glbet2geb5rq7jac5w6wxcnif7vcsmboa3c6yzzy7jfj4uka,xan.lol,did:plc:q7suwaz53ztc4mbiqyygbn43,2025-10-19T18:49:29.883Z,"I use Bluesky
@kickflip.renahlee.com
@khronos.world
@aimod.social
@arttheft.bsky.social
@skywatch.blue
@us-gov-funding.bsky.social
@profile-labels.bossett.social
@blackskyweb.xyz
@nagare.pds.bsky.In4.net
@bottags.bsky.social
@pds.labeler.tny.im
@stechlab-labels.bsky.social",reply,at://did:plc:uzdfxwdzkggwc4652mdecmsg/app.bsky.feed.post/3m3kbnfuccc24,at://did:plc:q7suwaz53ztc4mbiqyygbn43/app.bsky.feed.post/3m3jpv77rv22m,en,5,0,0,0,official mention,2026-06-26T14:05:00.228985+00:00,stechlab-labels.bsky.social,False,unknown,2026-06-26T14:06:34.776511+00:00,ok,,,,,,5.0,keyword_stratified
953,https://bsky.app/profile/deviltriggered.bsky.social/post/3mjkvogaeb22n,at://did:plc:qq5yty7o6w7pe3i323h342ja/app.bsky.feed.post/3mjkvogaeb22n,bafyreicqkaxpsm6brsnt6om72kbxizkfo4cggvcka76gr4puzwwg7h5ljq,deviltriggered.bsky.social,did:plc:qq5yty7o6w7pe3i323h342ja,2026-04-15T22:05:09.581Z,JAJAAJ PROFILE CHANGES OFTEN. LLORO.,reply,at://did:plc:xi5fue7aroswhihjzhaybart/app.bsky.feed.post/3mjkvf7mvkc2g,at://did:plc:xi5fue7aroswhihjzhaybart/app.bsky.feed.post/3mjkvf7mvkc2g,en,1,0,1,0,keyword search,2026-06-26T14:05:00.228985+00:00,Profile Changes Often,False,pt,2026-06-26T14:06:34.776511+00:00,ok,,,,,,1.0,keyword_stratified
455,https://bsky.app/profile/ghanito.eurosky.social/post/3mk7ylybe7s2o,at://did:plc:vcxc6q7api5gd235xuwg4tvu/app.bsky.feed.post/3mk7ylybe7s2o,bafyreihvcksgiql2fhzusqtj6gjpmpswj34ekirjcuseoc5j76tkpfrima,ghanito.eurosky.social,did:plc:vcxc6q7api5gd235xuwg4tvu,2026-04-24T07:23:23.555Z,"Esta ferramenta serve para ver cousas que fai xente con moito vicio.
Poden ser xente de ben todo o día online ou bots.
Hai pouco descubrín que tamén vale para sacarlle as cores a eses que seguen as centos de contas para ver se lle fan follow back e despois fan unfollow.
bsky.app/profile/stec...",post,,,gl,4,0,1,0,official mention,2026-06-26T14:05:00.228985+00:00,bsky.app/profile/stec,False,es,2026-06-26T14:06:34.776511+00:00,ok,,,,,,4.0,keyword_stratified
965,https://bsky.app/profile/pinballswizard.com/post/3mnpooribo2je,at://did:plc:6k2sdh77cmeoaryw4qsjsdzx/app.bsky.feed.post/3mnpooribo2je,bafyreifoejeqvp25huvszjhwj6matha4ft53hzespb5kk7mzp56j7todty,pinballswizard.com,did:plc:6k2sdh77cmeoaryw4qsjsdzx,2026-06-07T17:24:10.000Z,"i set up using this labeler and now seeing ""unfollowed 1000+ last month"" and ""unfollowed 500+ yesterday"" it's probably just that in this case too, yeah |3

bsky.app/profile/did:plc:…",reply,at://did:plc:eol7jkanbumhmhpoe2oana3b/app.bsky.feed.post/3mnpojez6dk2s,at://did:plc:6k2sdh77cmeoaryw4qsjsdzx/app.bsky.feed.post/3mnpoeczckchu,en,1,0,0,0,keyword search,2026-06-26T14:05:00.228985+00:00,unfollowed 500+ yesterday,False,en,2026-06-26T14:06:34.776511+00:00,ok,,,,,,1.0,keyword_stratified
162,https://bsky.app/profile/pogue.omg.lol/post/3mf6ng3gz2k2u,at://did:plc:cipv3arp27zug6ugyk7fv76o/app.bsky.feed.post/3mf6ng3gz2k2u,bafyreic4lgqr64zonm2pk3hb2rqv3wpfdumacsru5oam2se6zbq2tgvmiq,pogue.omg.lol,did:plc:cipv3arp27zug6ugyk7fv76o,2026-02-19T03:24:36.522Z,The @stechlab-labels.bsky.social labeler is broken,post,,,en,1,0,0,0,official mention,2026-06-26T14:05:00.228985+00:00,stechlab-labels.bsky.social,False,en,2026-06-26T14:06:34.776511+00:00,ok,,,,,,1.0,keyword_stratified
136,https://bsky.app/profile/orpach.neocities.org/post/3mh66qcytss2f,at://did:plc:bfp7n6e2rpr3yo7gpqdr2tfw/app.bsky.feed.post/3mh66qcytss2f,bafyreif7pnnti7epzow5xvaxbtkv3jmu6ngckqedctkbr7iaujpp5qdxne,orpach.neocities.org,did:plc:bfp7n6e2rpr3yo7gpqdr2tfw,2026-03-16T09:52:17.119Z,"Has a few labels from @stechlab-labels.bsky.social and @labeler.hailey.at too.

One of the dumbest ways I noticed a bot was the createdAt value on posts was always at 0 milliseconds.
This one's avoided that.",reply,at://did:plc:vsa6pno4ouhjiier5cqbchmh/app.bsky.feed.post/3mh4744n2uk25,at://did:plc:vsa6pno4ouhjiier5cqbchmh/app.bsky.feed.post/3mh4744n2uk25,en,3,0,0,0,official mention,2026-06-26T14:05:00.228985+00:00,stechlab-labels.bsky.social,False,en,2026-06-26T14:06:34.776511+00:00,ok,,,,,,3.0,keyword_stratified
738,https://bsky.app/profile/thewassy153.bsky.social/post/3moq4mbaw3k2t,at://did:plc:kvab6stz3ilhosvp3f6scqkr/app.bsky.feed.post/3moq4mbaw3k2t,bafyreidx2y4icyl35yz3r656k2qsnfvjyldptfffwcweeutsmjkyajyc4a,thewassy153.bsky.social,did:plc:kvab6stz3ilhosvp3f6scqkr,2026-06-20T14:58:30.271Z,does the account activity labeler show you your own labels or am i just that lame to it,post,,,en,0,0,1,0,keyword search,2026-06-26T14:05:00.228985+00:00,account activity labeler,False,en,2026-06-26T14:06:34.776511+00:00,ok,,,,,,0.0,keyword_stratified
363,https://bsky.app/profile/informor.bsky.social/post/3m4ng6sxqnc2a,at://did:plc:p56fqcvdu32phbpagcrweavg/app.bsky.feed.post/3m4ng6sxqnc2a,bafyreidgch7lwnnp4hw2zwihpnxjarp2ojrc2sqr2r5pqhgg7uz66ggod4,informor.bsky.social,did:plc:p56fqcvdu32phbpagcrweavg,2025-11-02T11:38:27.985Z,"Looks like it was discovered by some, so we are soft-launching. Here's the link

stechlab-labels.bsky.social",reply,at://did:plc:mpdezz4nkre7vyift2rttggl/app.bsky.feed.post/3m3gagn6iqs2r,at://did:plc:p56fqcvdu32phbpagcrweavg/app.bsky.feed.post/3m3g74rqlp22r,en,2,0,0,0,official mention,2026-06-26T14:05:00.228985+00:00,stechlab-labels.bsky.social,False,en,2026-06-26T14:06:34.776511+00:00,ok,,,,,,2.0,keyword_stratified
766,https://bsky.app/profile/yawnderfawn.bsky.social/post/3mjxsbvxrwk2p,at://did:plc:fvuvnr3tl55jdz5hsaa7iecs/app.bsky.feed.post/3mjxsbvxrwk2p,bafyreiaiz4wvcsw2xpesjtqj22a7xvatdd5ot5cqjwnw3fehqzklw4knjy,yawnderfawn.bsky.social,did:plc:fvuvnr3tl55jdz5hsaa7iecs,2026-04-21T01:09:05.242Z,"stech lab labeler on the fritz, and I'm increasingly thinking... kind of a cop mindset labeler lol",post,,,en,0,0,1,0,keyword search,2026-06-26T14:05:00.228985+00:00,STech Lab,False,en,2026-06-26T14:06:34.776511+00:00,ok,,,,,,0.0,keyword_stratified
968,https://bsky.app/profile/thisguy.wantsa.beer/post/3matd3epqcs2q,at://did:plc:ezw2ntwny2d3mcae45us66uz/app.bsky.feed.post/3matd3epqcs2q,bafyreihrnaz3nvpubxxmwkhr3nmlqyhetpviwzaiwjuunqe73ilkgl33au,thisguy.wantsa.beer,did:plc:ezw2ntwny2d3mcae45us66uz,2025-12-25T17:39:36.069Z,Unfollowed 500+ yesterday LMAO,reply,at://did:plc:n2jsmusnh3jt6nokd5dcloe6/app.bsky.feed.post/3matcluxe5s2c,at://did:plc:n2jsmusnh3jt6nokd5dcloe6/app.bsky.feed.post/3matcluxe5s2c,en,8,0,0,0,keyword search,2026-06-26T14:05:00.228985+00:00,unfollowed 500+ yesterday,True,en,2026-06-26T14:06:34.776511+00:00,ok,,,,,,8.0,keyword_stratified
158,https://bsky.app/profile/bridiemac.bsky.social/post/3mfgcssr7vk2i,at://did:plc:fsvr2zlnposkzd32fspa7zyk/app.bsky.feed.post/3mfgcssr7vk2i,bafyreieacq3avhpapoz4ueggkjkbkhjjrqgcydg2vukthkwsllbmho3pke,bridiemac.bsky.social,did:plc:fsvr2zlnposkzd32fspa7zyk,2026-02-22T04:36:10.374Z,@stechlab-labels.bsky.social,reply,at://did:plc:w5gusml46pbi7f53boql7nct/app.bsky.feed.post/3mffp4jfsys2a,at://did:plc:w5gusml46pbi7f53boql7nct/app.bsky.feed.post/3mfbi5unpg22p,en,0,0,0,0,official mention,2026-06-26T14:05:00.228985+00:00,stechlab-labels.bsky.social,False,unknown,2026-06-26T14:06:34.776511+00:00,ok,,,,,,0.0,keyword_stratified
423,https://bsky.app/profile/crissakentavr.bsky.social/post/3mmcw4pshqc2i,at://did:plc:jbwxai6k52bd2jl7i6k3knsx/app.bsky.feed.post/3mmcw4pshqc2i,bafyreickjqyn47ssqgv6v5ynamteonp5ej66vwqphye5m2oqdbkskiyx2u,crissakentavr.bsky.social,did:plc:jbwxai6k52bd2jl7i6k3knsx,2026-05-20T22:07:26.349Z,"Exactly!  50 is like, two warning labels up on bsky.app/profile/stec...",reply,at://did:plc:xysfnyw4ziozad7mwuiuhr7e/app.bsky.feed.post/3mm5aukiwk22y,at://did:plc:vi2grzfali5xn5rh2ny2n4d4/app.bsky.feed.post/3mm5ajdhy2k2e,en,1,0,0,0,official mention,2026-06-26T14:05:00.228985+00:00,bsky.app/profile/stec,False,en,2026-06-26T14:06:34.776511+00:00,ok,,,,,,1.0,keyword_stratified
884,https://bsky.app/profile/hatulimyafim.bsky.social/post/3mhdcyg566c2p,at://did:plc:7do666wck4jijte2xofvwobl/app.bsky.feed.post/3mhdcyg566c2p,bafyreih43sxstmwhaaqmtbgolev3p2wcexjrp4ybdgmh33vkjpykzv2nua,hatulimyafim.bsky.social,did:plc:7do666wck4jijte2xofvwobl,2026-03-18T10:51:42.502Z,"Nothing makes me feel more ashamed about my social media use than the ""No break greater than 4 hours yesterday"" label.",post,,,en,0,0,1,0,keyword search,2026-06-26T14:05:00.228985+00:00,no break greater than,False,en,2026-06-26T14:06:34.776511+00:00,ok,,,,,,0.0,keyword_stratified
949,https://bsky.app/profile/ilikeyoshi.bsky.social/post/3mdmtbbf7ls2b,at://did:plc:e4skjdht5yqo44ncvz2gf7yj/app.bsky.feed.post/3mdmtbbf7ls2b,bafyreieuzycdjlvvrlo4kunjxcgnjomzvxvitlk7kgexuep7iizjnvnnhq,ilikeyoshi.bsky.social,did:plc:e4skjdht5yqo44ncvz2gf7yj,2026-01-30T07:56:10.516Z,"i subscribed to a labeller thats run by a couple ppl doing i think some kinda research mainly for bot activity or ""botlike"" activity and it labels accounts based on things like ""posted more than x times yesterday"" or ""changed profile more than x times this month"" and originally i downloaded it",post,,,en,1,0,1,0,keyword search,2026-06-26T14:05:00.228985+00:00,changed profile more than,False,en,2026-06-26T14:06:34.776511+00:00,ok,,,,,,1.0,keyword_stratified
353,https://bsky.app/profile/3r1ng.bsky.social/post/3m4svlpuba22i,at://did:plc:6jivfqx4v7zep7uuhjxl6not/app.bsky.feed.post/3m4svlpuba22i,bafyreif2uufm5zmgosd6o4oqdaycw6hkznejodz3osgx3f4rsvxrydbhcy,3r1ng.bsky.social,did:plc:6jivfqx4v7zep7uuhjxl6not,2025-11-04T15:57:25.745Z,This labeler is great: @stechlab-labels.bsky.social it labels some signals that can be associated with inauthentic / automated activity. Although the accounts I see with these labels are usually media outlets/news accounts (not the aggressive unfollowing-that’s a growth hack),post,,,en,11,3,1,1,official mention,2026-06-26T14:05:00.228985+00:00,stechlab-labels.bsky.social,True,en,2026-06-26T14:06:34.776511+00:00,ok,,,,,,29.0,high_engagement
629,https://bsky.app/profile/drvon2.bsky.social/post/3m7vpucyvrk22,at://did:plc:dgz4boqf66gnmcgs57frjkwc/app.bsky.feed.post/3m7vpucyvrk22,bafyreift6vn2fdeu7uyivkvqzuld27duypylwsq7fhiltkdugk2wfd2cd4,drvon2.bsky.social,did:plc:dgz4boqf66gnmcgs57frjkwc,2025-12-13T23:08:25.907Z,"Try this labeler.

bsky.app/profile/stec...",reply,at://did:plc:batsswaxvws26rr3gf7wvm7k/app.bsky.feed.post/3m7vp5mdifk2z,at://did:plc:batsswaxvws26rr3gf7wvm7k/app.bsky.feed.post/3m7vp5mdifk2z,en,13,5,3,2,official mention,2026-06-26T14:05:00.228985+00:00,bsky.app/profile/stec,False,en,2026-06-26T14:06:34.776511+00:00,ok,,,,,,44.0,high_engagement
254,https://bsky.app/profile/dr-squiddy.bsky.social/post/3magh5o3zd22t,at://did:plc:mscve5shwpb5cp2may5posmm/app.bsky.feed.post/3magh5o3zd22t,bafyreibubzjevrsffr6fn5okrqtlvhbadep42gls35xgrfiqj646l3bote,dr-squiddy.bsky.social,did:plc:mscve5shwpb5cp2may5posmm,2025-12-20T14:47:51.412Z,"I subscribed to @stechlab-labels.bsky.social a few days ago and it has been fascinating to see what's behind some of the stuff that's appeared in my feed. 

It's given me cause to stop and think before sharing daft little things I would just have happily clicked on before. Recommended.",post,,,en,1,0,1,0,official mention,2026-06-26T14:05:00.228985+00:00,stechlab-labels.bsky.social,False,en,2026-06-26T14:06:34.776511+00:00,ok,,,,,,1.0,keyword_stratified
773,https://bsky.app/profile/akhilrao.bsky.social/post/3mjwhrkrmjk2r,at://did:plc:oj4enpdo6uuuikvs73cqvwdm/app.bsky.feed.post/3mjwhrkrmjk2r,bafyreieyubqstqyhoz6haphtbla536oe6i3j3x62vper5gghvazkyymjci,akhilrao.bsky.social,did:plc:oj4enpdo6uuuikvs73cqvwdm,2026-04-20T12:28:19.479Z,"combat posting with someone with a posts a lot label? not today satan, I have things to do",post,,,en,26,0,3,0,keyword search,2026-06-26T14:05:00.228985+00:00,posts a lot label,False,en,2026-06-26T14:06:34.776511+00:00,ok,,,,,,26.0,high_engagement
300,https://bsky.app/profile/aerifiretruck.bsky.social/post/3m6i2py37wc2v,at://did:plc:ezyohmtfftcofou4vszbtged/app.bsky.feed.post/3m6i2py37wc2v,bafyreig5lzmdji6jkob4etdks7os4nzuq6z24pxq2galkxhkwgvnzgk5am,aerifiretruck.bsky.social,did:plc:ezyohmtfftcofou4vszbtged,2025-11-25T19:20:23.427Z,One of my favorite labellers recently is @stechlab-labels.bsky.social. I have most of them turned off but Unfollowed 500+ yesterday is super helpful for spotting f4f accounts if it's not obvious already,post,,,en,8,2,3,0,official mention,2026-06-26T14:05:00.228985+00:00,stechlab-labels.bsky.social,False,en,2026-06-26T14:06:34.776511+00:00,ok,,,,,,18.0,high_engagement
12,https://bsky.app/profile/kissane.myatproto.social/post/3mogxtmbvfs2l,at://did:plc:qrt5rykojeg5sbsajbu4zdke/app.bsky.feed.post/3mogxtmbvfs2l,bafyreifo6h5672xtbdyzvsnrf7ovdyrivqav7jwqgksnjqdukdb2f3575y,kissane.myatproto.social,did:plc:qrt5rykojeg5sbsajbu4zdke,2026-06-16T23:39:10.361Z,"Anyway! If a stranger pops into your replies and weirdly restates your post with a gooey lil semi-insight, it might be a human but probably not. 

@stechlab-labels.bsky.social labelers are like They Live goggles for spotting dumb automation, highest recommend.",quote,,,en,55,12,2,1,official mention,2026-06-26T14:05:00.228985+00:00,stechlab-labels.bsky.social,False,en,2026-06-26T14:06:34.776511+00:00,ok,,,,,,118.0,high_engagement
796,https://bsky.app/profile/freedom2b.cryptoanarchy.network/post/3mfch5lyeuc2t,at://did:plc:utqxrdib4tk6yjhderqhw44a/app.bsky.feed.post/3mfch5lyeuc2t,bafyreigyyzkzupstbedlj2izha6mrvmtwdnluqz2ckoc5uzdcdz3xpzm74,freedom2b.cryptoanarchy.network,did:plc:utqxrdib4tk6yjhderqhw44a,2026-02-20T15:43:08.381Z,"__Yesterday__
weather: *tornadoes*

__Today__
BlueSky: ""this one posted more than 50 times yesterday""",post,,,en,0,0,0,0,keyword search,2026-06-26T14:05:00.228985+00:00,posted more than 50 times yesterday,False,en,2026-06-26T14:06:34.776511+00:00,ok,,,,,,0.0,keyword_stratified
874,https://bsky.app/profile/rarf.zone/post/3mjwq7kgpbc2f,at://did:plc:cd6rtyhwlj6fakjuvx33r3z6/app.bsky.feed.post/3mjwq7kgpbc2f,bafyreicxmyir4kkyusod4m5rtvyj4u3nybs57kffpmk5qlu32lyzcnxi6u,rarf.zone,did:plc:cd6rtyhwlj6fakjuvx33r3z6,2026-04-20T14:59:18.817Z,"Ah, I got the Coveted™ ""no break greater than 4 hours"" yesterday. 

…

I think it was worth it, though!!",post,,,en,3,0,0,0,keyword search,2026-06-26T14:05:00.228985+00:00,no break greater than,False,en,2026-06-26T14:06:34.776511+00:00,ok,,,,,,3.0,keyword_stratified
601,https://bsky.app/profile/danhon.com/post/3mbfwfssqds2t,at://did:plc:okcllivvkleedwsmroggepzd/app.bsky.feed.post/3mbfwfssqds2t,bafyreibl5zxld27bzgfruyjrj3a5y3xzi4uu576gqmxjsfigtt2tgi54vy,danhon.com,did:plc:okcllivvkleedwsmroggepzd,2026-01-02T03:13:22.804Z,Oh wait I'm already using it bsky.app/profile/stec...,reply,at://did:plc:okcllivvkleedwsmroggepzd/app.bsky.feed.post/3mbfwdxtvgs2t,at://did:plc:okcllivvkleedwsmroggepzd/app.bsky.feed.post/3mbfwdxtvgs2t,en,9,0,0,0,official mention,2026-06-26T14:05:00.228985+00:00,bsky.app/profile/stec,False,en,2026-06-26T14:06:34.776511+00:00,ok,,,,,,9.0,keyword_stratified
818,https://bsky.app/profile/rahaeli.bsky.social/post/3m4mmudl2ws2j,at://did:plc:ocsbmyulc2grbq3esflddyj6/app.bsky.feed.post/3m4mmudl2ws2j,bafyreifkdtiltptovqfk2hrfslfh2xd2hhotzbvpssu3hkddsnmi5ozgne,rahaeli.bsky.social,did:plc:ocsbmyulc2grbq3esflddyj6,2025-11-02T04:05:12.751Z,"It's also funny to see how many of my moots (me included) have the ""posted more than 50 times yesterday"", lol",reply,at://did:plc:zvh6ufheu6mwvbdh57xfuh4c/app.bsky.feed.post/3m4mmsw3xhk22,at://did:plc:ocsbmyulc2grbq3esflddyj6/app.bsky.feed.post/3m4mmnz6tok2q,en,39,0,8,0,keyword search,2026-06-26T14:05:00.228985+00:00,posted more than 50 times yesterday,False,en,2026-06-26T14:06:34.776511+00:00,ok,,,,,,39.0,keyword_stratified
653,https://bsky.app/profile/vioarmitage.darkestalleygang.lol/post/3m6oasrp76226,at://did:plc:e4s76bdchewwoncgpp7euh7k/app.bsky.feed.post/3m6oasrp76226,bafyreicxn4glwxenzzlu3nr3pcfvx4hehyg26655ophxfvscwe5gvzbzau,vioarmitage.darkestalleygang.lol,did:plc:e4s76bdchewwoncgpp7euh7k,2025-11-28T06:25:18.288Z,bsky.app/profile/stec...,reply,at://did:plc:skjqm65g4jzvuulsdxygyl3t/app.bsky.feed.post/3m6oaqfzf4k2n,at://did:plc:kjukqektupc3u4vfkq5ulaks/app.bsky.feed.post/3m6kju6bguk2c,en,0,0,0,0,official mention,2026-06-26T14:05:00.228985+00:00,bsky.app/profile/stec,False,unknown,2026-06-26T14:06:34.776511+00:00,ok,,,,,,0.0,keyword_stratified
728,https://bsky.app/profile/demarko.org/post/3m4iorgzq322q,at://did:plc:rrkr5yvwfzgobtvbxz6g6gnf/app.bsky.feed.post/3m4iorgzq322q,bafyreig36gntgrf2xlggsijmz5hvgwsjawjzicf7obmq2rcvutiu3qvdny,demarko.org,did:plc:rrkr5yvwfzgobtvbxz6g6gnf,2025-10-31T14:28:44.244Z,This is a fascinating labeler bsky.app/profile/stec...,post,,,en,16,2,0,4,official mention,2026-06-26T14:05:00.228985+00:00,bsky.app/profile/stec,False,en,2026-06-26T14:06:34.776511+00:00,ok,,,,,,38.0,high_engagement
85,https://bsky.app/profile/djsleeve.bsky.social/post/3mj6zgxurek2j,at://did:plc:awxlgwdqnsokshe7hm7aevls/app.bsky.feed.post/3mj6zgxurek2j,bafyreigba57hvpqjahxexdt6vfjbgp5a6hf6epwbmh4w6twyg6njgt6egu,djsleeve.bsky.social,did:plc:awxlgwdqnsokshe7hm7aevls,2026-04-11T04:40:37.747Z,@stechlab-labels.bsky.social,reply,at://did:plc:awxlgwdqnsokshe7hm7aevls/app.bsky.feed.post/3mj6zgcsryc2j,at://did:plc:awxlgwdqnsokshe7hm7aevls/app.bsky.feed.post/3mj6zgcsryc2j,en,0,0,0,0,official mention,2026-06-26T14:05:00.228985+00:00,stechlab-labels.bsky.social,False,unknown,2026-06-26T14:06:34.776511+00:00,ok,,,,,,0.0,keyword_stratified
733,https://bsky.app/profile/rigakuoxfordxrd.bsky.social/post/3lyuf2ovyes2r,at://did:plc:5aue2ct6lohneo4rbjm4sf7v/app.bsky.feed.post/3lyuf2ovyes2r,bafyreif4yfk6gocaqnlour3cclh6shjntiqolcgfyudkwidclqbxiqczo4,rigakuoxfordxrd.bsky.social,did:plc:5aue2ct6lohneo4rbjm4sf7v,2025-09-15T08:26:07.430Z,"Congratulations our social media competition winner: lnkd.in/eqNhAwxb by Kinan Al-Namourah who got the most likes (107).

Honorable mentions to Diane Dickie in 2nd (90 likes) lnkd.in/etQHucAr
...and @stecanossa.bsky.social in 3rd (69 aggregated likes) bsky.app/profile/stec...

#ROD10atECM #ECM35",quote,,,en,7,1,0,0,official mention,2026-06-26T14:05:00.228985+00:00,bsky.app/profile/stec,False,en,2026-06-26T14:06:34.776511+00:00,ok,,,,,,12.0,keyword_stratified
714,https://bsky.app/profile/iedamarcondes.com/post/3m4q6cjbauc2f,at://did:plc:iebzj2c3y57wjzf775pvuzo2/app.bsky.feed.post/3m4q6cjbauc2f,bafyreie32bvlsq5ez5egbzn5bjktzelbmyhhv7v3b2v37tzelcytos5yea,iedamarcondes.com,did:plc:iebzj2c3y57wjzf775pvuzo2,2025-11-03T13:55:21.310Z,"Não conhecia este rotulador. Ele serve pra informar quando uma conta tem atividade suspeita (alterações no perfil várias vezes no mesmo dia, publica mais de 100 posts num único dia etc).
bsky.app/profile/stec...",post,,,en,12,6,0,0,official mention,2026-06-26T14:05:00.228985+00:00,bsky.app/profile/stec,False,pt,2026-06-26T14:06:34.776511+00:00,ok,,,,,,42.0,high_engagement
906,https://bsky.app/profile/pisscauldron.bsky.social/post/3mdnaegde522v,at://did:plc:nwmuogkq6sevqyl7hud2tx3y/app.bsky.feed.post/3mdnaegde522v,bafyreiesrwvoesy4vdowbiseobx4wp6m7so5ev4s4tygfqp6gafs36bttq,pisscauldron.bsky.social,did:plc:nwmuogkq6sevqyl7hud2tx3y,2026-01-30T11:50:35.005Z,"wow no break greater than 4 hours yesterday 

did genghis khan take a break?",reply,at://did:plc:nwmuogkq6sevqyl7hud2tx3y/app.bsky.feed.post/3mdn7dokch22v,at://did:plc:nwmuogkq6sevqyl7hud2tx3y/app.bsky.feed.post/3mdn7dokch22v,en,2,0,1,0,keyword search,2026-06-26T14:05:00.228985+00:00,no break greater than,False,unknown,2026-06-26T14:06:34.776511+00:00,ok,,,,,,2.0,keyword_stratified
82,https://bsky.app/profile/mdruker.app/post/3mjbedufges2p,at://did:plc:f6yekxxpke7gyas3d7qeipty/app.bsky.feed.post/3mjbedufges2p,bafyreieupq5odedjim6ddvj7utonjs73jdpjwmgbjamwzh7iasi54ab5tq,mdruker.app,did:plc:f6yekxxpke7gyas3d7qeipty,2026-04-12T03:01:04.070Z,"Also a plug for @stechlab-labels.bsky.social - if you subscribe to this labeler, you’ll get those handy labels showing mass unfollows, which are usually a solid indicator of odd activity and should give you some skepticism about the account",reply,at://did:plc:f6yekxxpke7gyas3d7qeipty/app.bsky.feed.post/3mjbdkfnask2p,at://did:plc:f6yekxxpke7gyas3d7qeipty/app.bsky.feed.post/3mjbdbwln5c2p,en,5,1,0,0,official mention,2026-06-26T14:05:00.228985+00:00,stechlab-labels.bsky.social,False,en,2026-06-26T14:06:34.776511+00:00,ok,,,,,,10.0,keyword_stratified
